{
  "image_width": 448,
  "image_height": 448,
  "pattern_cols": 9,
  "pattern_rows": 6,
  "square_size_mm": 24.0,
  "rms": 0.5154297830095874,
  "mean_reprojection_error": 0.4947596495964926,
  "used_samples": 25,
  "camera_matrix": [
    [
      481.62476519498586,
      0.0,
      198.67967988354744
    ],
    [
      0.0,
      479.6462377269059,
      250.63338958531386
    ],
    [
      0.0,
      0.0,
      1.0
    ]
  ],
  "dist_coeffs": [
    0.05218567526471873,
    -0.013431605181100547,
    -0.001415097560247493,
    -0.0021752305377084223,
    -0.10614131607295281
  ]
}